[{"images": [{"_key": "614098653f92","_type": "image","asset": {"_ref": "image-9f703bb839c3f9c45eff033346d7fcfd0b7855f4-832x1112-jpg","_type": "reference"}},{"_key": "a8b02e49b36f","_type": "image","asset": {"_ref": "image-67433f3f131cb42e7f14f0ef095e9f1440cb0aef-832x1112-jpg","_type": "reference"}},{"_key": "770d601ab3c8","_type": "image","asset": {"_ref": "image-1b7ae289b61900ae39f6e0a6f582b28c49fb4978-832x1112-jpg","_type": "reference"}},{"_key": "4e7fa67a0521","_type": "image","asset": {"_ref": "image-3e8b831c7334a33e6590fb5080ccd651ede880c0-832x1112-jpg","_type": "reference"}}],"name": "Classic Cotton T-Shirt"},
{"images": [{"_key": "ed151d826b69","_type": "image","asset": {"_ref": "image-865a6f1603ad76c56ada9fef66ad4acaf5768726-832x1112-jpg","_type": "reference"}},{"_key": "367322aa6ab4","_type": "image","asset": {"_ref": "image-4052c1e0854798d81b3728d5a2b9b501f63b4584-832x1112-jpg","_type": "reference"}},{"_key": "9299baeb717e","_type": "image","asset": {"_ref": "image-fd862e249b308a29484b1c0056e12e44ede13a0a-832x1112-jpg","_type": "reference"}},{"_key": "d856ccc91c27","_type": "image","asset": {"_ref": "image-324ec32c64030c36d944cf305dd3744c0ee6b5f8-832x1112-jpg","_type": "reference"}}],"name": "Kids Cozy Hoodie"},
{"images": [{"_key": "5c4811296591","_type": "image","asset": {"_ref": "image-d31805ca42cafec417cd44b5ecf18b721277053e-832x1112-jpg","_type": "reference"}},{"_key": "297a50b257ae","_type": "image","asset": {"_ref": "image-bd0808a21f67f143444b354a4254780c6222cbad-832x1112-jpg","_type": "reference"}},{"_key": "b4a132361525","_type": "image","asset": {"_ref": "image-2a52841d973102b598e26c500a849d0ec9f74046-832x1112-jpg","_type": "reference"}},{"_key": "e68d693bb7fb","_type": "image","asset": {"_ref": "image-2947c89b993f2a41d546686690cc06994907e025-832x1112-jpg","_type": "reference"}}],"name": "Summer Casual Shorts"},
{"images": [{"_key": "5b92c408c976","_type": "image","asset": {"_ref": "image-a586b7d44a93f7fcfcb8d0c72749cd9275383b73-832x1112-jpg","_type": "reference"}},{"_key": "399cfe53e751","_type": "image","asset": {"_ref": "image-832eb948943d6b8bfad0eec72d9bc4bcce584bd6-832x1112-jpg","_type": "reference"}},{"_key": "38e8aee310ad","_type": "image","asset": {"_ref": "image-9cffa8e9cf2496bba65e10a8f231a97aa259b75d-832x1112-jpg","_type": "reference"}},{"_key": "76df91241ca4","_type": "image","asset": {"_ref": "image-3a2aacca99491ee085f7ab2433297bac61bf6177-832x1112-jpg","_type": "reference"}}],"name": "Premium Leather Jacket"},
{"images": [{"_key": "58695509073c","_type": "image","asset": {"_ref": "image-550b7392d7b61f4cace081631388f874cedfe3fe-832x1112-jpg","_type": "reference"}},{"_key": "c1faded38f89","_type": "image","asset": {"_ref": "image-259077a982091327c3bcabae408de6a4384b29ad-832x1112-jpg","_type": "reference"}},{"_key": "6eb660b6f52d","_type": "image","asset": {"_ref": "image-5425c7144a339d460b78b1a769d099572b2f98e8-832x1112-jpg","_type": "reference"}},{"_key": "5952387cb3a3","_type": "image","asset": {"_ref": "image-0d7c98feeab3ad1d53385abb8887a9f9c83475be-832x1112-jpg","_type": "reference"}}],"name": "Premium Denim Jacket"},
{"images": [{"_key": "8edb36f510cb","_type": "image","asset": {"_ref": "image-5d1d108f5aeab69007928491a37079bf4bb7da81-832x1112-jpg","_type": "reference"}}],"name": "Comfortable Jogger Pants"},
{"images": [{"_key": "a32a604c36e2","_type": "image","asset": {"_ref": "image-913527a3b1eee400b177ad01c0ff56685b3ce528-832x1112-jpg","_type": "reference"}},{"_key": "634e70ad971c","_type": "image","asset": {"_ref": "image-1682f32fc1a3f5c2bc60e24a0bdd6e8415b8d7a2-832x1112-jpg","_type": "reference"}},{"_key": "377c54a5d449","_type": "image","asset": {"_ref": "image-e137f656e40220648594458ef03e24e8214bf3ae-832x1112-jpg","_type": "reference"}},{"_key": "7604deb1506c","_type": "image","asset": {"_ref": "image-70e5da3e3daadbb3001b5f208bddffbbd649c260-832x1112-jpg","_type": "reference"}}],"name": "Cozy Pullover Hoodie"},
{"images": [{"_key": "f4f987f60f83","_type": "image","asset": {"_ref": "image-af273282133231bc5929299da36b0121e6172a96-832x1112-jpg","_type": "reference"}},{"_key": "13aa03aa012a","_type": "image","asset": {"_ref": "image-1dda282ae6a72dc0dd53f58e9395fb3a4a5c887e-832x1112-jpg","_type": "reference"}}],"name": "Athletic Shorts"},
{"images": [{"_key": "5f7c0fc01f40","_type": "image","asset": {"_ref": "image-9c35cc8cc13b362652c1ef077084ba2945a9e573-832x1112-jpg","_type": "reference"}},{"_key": "85ad68fd1762","_type": "image","asset": {"_ref": "image-049617dcc112ac52a0f3851e05e2b8b626c294f0-832x1112-jpg","_type": "reference"}},{"_key": "0b92c3164d4b","_type": "image","asset": {"_ref": "image-fd92ccd28d3353fc4e5c6e99261a0d58c7388b17-832x1112-jpg","_type": "reference"}},{"_key": "450a6c404856","_type": "image","asset": {"_ref": "image-d1f2a783d591fe0735308b0593543e9ea0e368be-832x1112-jpg","_type": "reference"}}],"name": "Vintage Graphic Tee"},
{"images": [{"_key": "c0300a03f6f2","_type": "image","asset": {"_ref": "image-95842cc23c725d931d4324f95eced0b09ab34172-832x1112-jpg","_type": "reference"}},{"_key": "0e0f2ca3ebe0","_type": "image","asset": {"_ref": "image-b4002f7b0248e1024965d99f02b1c54af0589407-832x1112-jpg","_type": "reference"}},{"_key": "5426a8b6a6c2","_type": "image","asset": {"_ref": "image-a5432ee0041e1d53a88abfe4574ad249915d33f7-832x1112-jpg","_type": "reference"}}],"name": "Kids Fun Adventure T-Shirt"},
{"images": [{"_key": "832a27069954","_type": "image","asset": {"_ref": "image-fe49e9e370d1f30ce182a60e5a948fb875f2b17a-832x1112-jpg","_type": "reference"}},{"_key": "f239b0c55f32","_type": "image","asset": {"_ref": "image-d3726b67731d7aef859babd019a33e476bd49192-832x1112-jpg","_type": "reference"}},{"_key": "041e1a3147af","_type": "image","asset": {"_ref": "image-de6db130b9fe19317484a0a8a3eccb229115510a-832x1112-jpg","_type": "reference"}},{"_key": "7bf370f735e5","_type": "image","asset": {"_ref": "image-847c3a68f4b1c9dc8799e57c1c387fcf5dc52447-832x1112-jpg","_type": "reference"}}],"name": "Elegant Blouse"},
{"images": [{"_key": "c3f92c6f78f2","_type": "image","asset": {"_ref": "image-cfe9f4cf9fe7f7beea4f9870ced62c3bdbdb65de-832x1112-jpg","_type": "reference"}},{"_key": "d3cafc50a8a7","_type": "image","asset": {"_ref": "image-7f6b711d41172b2a9abb60be9dff87ffb8fcfe9a-832x1112-jpg","_type": "reference"}},{"_key": "23da14336f4e","_type": "image","asset": {"_ref": "image-279d1412f6001a690977ea3a4e4ea1121049de13-832x1112-jpg","_type": "reference"}},{"_key": "5cedd28369d7","_type": "image","asset": {"_ref": "image-e6002ef3401481def73fa8c515501d205b28ef6d-832x1112-jpg","_type": "reference"}}],"name": "Slim Fit Chino Pants"}]